Чернов Максим Дорофеевич,89198397837,694653_Тверская область_город Одинцово_пл. Будапештсткая_84,AA07AMM
Алексеев Артемий Сергеевич,89439681339,953474_Костромская область_город Егорьевск_пр. Бухарестская_68,AB01MFL
Боброва Валентина Аркадьевна,89831876547,015571_Рязанская область_город Кашира_пл. Ломоносова_33,ABW940K
Зуев Иммануил Борисович,89331952421,063407_Курская область_город Талдом_шоссе Будапештсткая_66,AXL581F
Крюков Пётр Алексеевич,89355699345,724426_Орловская область_город Воскресенск_ул. Гоголя_34,B290EVH
Тимофеев Трофим Борисович,89362518370,451444_Тюменская область_город Красногорск_пер. Балканская_36,B486DMK
Никонова Елизавета Матвеевна,89299807033,424315_Тульская область_город Кашира_пр. Сталина_27,B770ETD
Кошелев Павел Дмитриевич,89834085698,694993_Смоленская область_город Люберцы_въезд Косиора_64,C804GYD
Кудряшов Андрей Иванович,89838704656,819106_Мурманская область_город Мытищи_пл. Балканская_55,C852CAD
Романовa Варвара Дмитриевна,89332062534,756435_Воронежская область_город Орехово-Зуево_пер. Косиора_92,CL13LBK
Жуков Фёдор Иванович,89152981963,533559_Тульская область_город Егорьевск_спуск Домодедовская_50,D461FND
Никоновa Маргарита Сергеевна,89141869814,978095_Тверская область_город Истра_наб. Гагарина_09,E313JXG
Панфилова Жанна Вячеславовна,89541861992,468160_Рязанская область_город Зарайск_въезд Гоголя_10,FW05HGY
Сафонов Даниил Евгеньевич,89532798849,240967_Ленинградская область_город Луховицы_спуск Чехова_17,G520TEF
Анисимов Сергей Александрович,89954032232,864690_Владимирская область_город Ступино_бульвар Гоголя_93,H273KRF
Родионовa Анна Львовна,89904322062,169234_Тульская область_город Одинцово_пер. Славы_52,JB19XTF
Журавлёвa Изабелла Фёдоровна,89619242025,448455_Ленинградская область_город Егорьевск_ул. 1905 года_17,KC15FDX
Бобылёв Василий Евгеньевич,89417506393,168746_Рязанская область_город Сергиев Посад_спуск Чехова_97,LD18HAG
Нестеров Стефан Максимович,89289562485,592543_Калужская область_город Мытищи_ул. Бухарестская_66,MD19WUJ
Рыбаков Александр Глебович,89616522421,051581_Тамбовская область_город Серебряные Пруды_шоссе 1905 года_51,XV18ADW
